in1	in2	m1	m2	o1	o2
0	10	-1	1	5	4
0	10	0	1	0	4
0	10	1	1	-5	4
1	1	0	1	6	5
1	1	1	1	1	5
1	1	2	1	-4	5
2	22	3	1	7	6
2	22	4	1	2	6
2	22	5	1	-3	6
4	0.4	15	1	9	8
4	0.4	16	1	4	8
4	0.4	17	1	-1	8
7	71	48	1	12	11
7	71	49	1	7	11
7	71	50	1	2	11
10	1	99	1	15	14
10	1	100	1	10	14
10	1	101	1	5	14
12	1.2	143	1	17	16
12	1.2	144	1	12	16
12	12	145	1	7	16
3	8	8	1	8	7
3	8	9	1	3	7
3	8	10	1	-2	7
